
{
  "type": "minecraft:fishing",
  "pools": [
    {
      "rolls": 1,
      "bonus_rolls": 0,
      "entries": [
        {
          "type": "minecraft:item",
          "weight": 3,
          "name": "aquaculture:atlantic_cod"
        },
        {
          "type": "minecraft:item",
          "weight": 3,
          "name": "aquaculture:blackfish"
        },
        {
          "type": "minecraft:item",
          "weight": 3,
          "name": "aquaculture:pacific_halibut"
        },
        {
          "type": "minecraft:item",
          "weight": 2,
          "name": "aquaculture:atlantic_halibut"
        },
        {
          "type": "minecraft:item",
           "weight": 3,
          "name": "aquaculture:atlantic_herring"
        },
        {
          "type": "minecraft:item",
          "weight": 2,
          "name": "aquaculture:driftwood"
        },
        {
          "type": "minecraft:item",
          "weight": 2,
          "name": "aquaculture:fish_bones"
        },
        {
          "type": "minecraft:item",
          "weight": 2,
          "name": "aquaculture:tin_can"
        },
         {
          "type": "minecraft:item",
          "weight": 2,
          "name": "aquaculture:goldfish"
        },
        {
          "type": "minecraft:item",
           "weight": 2,
          "name": "aquaculture:algae"
        },
        {
          "type": "minecraft:item",
           "weight": 3,
          "name": "aquaculture:pink_salmon"
        },
        {
          "type": "minecraft:item",
            "weight": 3,
          "name": "aquaculture:pollock"
        },
        {
          "type": "minecraft:item",
          "weight": 3,
          "name": "aquaculture:rainbow_trout"
        },
        {
          "type": "minecraft:item",
           "weight": 3,
          "name": "aquaculture:bayad"
        },
        {
          "type": "minecraft:item",
          "weight": 3,
          "name": "aquaculture:boulti"
        },
        {
          "type": "minecraft:item",
          "weight": 2,
          "name": "aquaculture:capitaine"
        },
        {
          "type": "minecraft:item",
            "weight": 3,
          "name": "aquaculture:synodontis"
        },
        {
          "type": "minecraft:item",
           "weight": 3,
          "name": "aquaculture:smallmouth_bass"
        },
        {
          "type": "minecraft:item",
           "weight": 5,
          "name": "aquaculture:bluegill"
        },
        {
          "type": "minecraft:item",
            "weight": 3,
          "name": "aquaculture:brown_trout"
        },
        {
          "type": "minecraft:item",
           "weight": 3,
          "name": "aquaculture:carp"
        },
        {
          "type": "minecraft:item",
           "weight": 2,
          "name": "aquaculture:catfish"
        },
        {
          "type": "minecraft:item",
           "weight": 2,
          "name": "aquaculture:gar"
        },
        {
          "type": "minecraft:item",
          "weight": 3,
          "name": "aquaculture:minnow"
        },
        {
          "type": "minecraft:item",
           "weight": 2,
          "name": "aquaculture:muskellunge"
        },
        {
          "type": "minecraft:item",
           "weight": 3,
          "name": "aquaculture:perch"
        },
        {
          "type": "minecraft:item",
           "weight": 2,
          "name": "aquaculture:arapaima"
        },
        {
          "type": "minecraft:item",
            "weight": 2,
          "name": "aquaculture:arrau_turtle"
        },
        {
          "type": "minecraft:item",
          "weight": 3,
          "name": "aquaculture:piranha"
        },
        {
          "type": "minecraft:item",
            "weight": 2,
          "name": "aquaculture:tambaqui"
        },
        {
          "type": "minecraft:item",
            "weight": 5,
          "name": "aquaculture:brown_shrooma"
        },
        {
          "type": "minecraft:item",
           "weight": 5,
          "name": "aquaculture:red_shrooma"
        },
        {
          "type": "minecraft:item",
            "weight": 3,
          "name": "aquaculture:jellyfish"
        },
        {
          "type": "minecraft:item",
            "weight": 2,
          "name": "aquaculture:red_grouper"
        },
        {
          "type": "minecraft:item",
           "weight": 2,
          "name": "aquaculture:tuna"
        },
        {
          "type": "minecraft:item",
           "weight": 3,
          "name": "aquaculture:leech"
        },
        {
          "type": "minecraft:item",
            "weight": 2,
          "name": "aquaculture:box_turtle"
        },
        {
          "type": "minecraft:item",
            "weight": 2,
          "name": "aquaculture:starshell_turtle"
        }
      ]
    }
  ]
}