{
    "type": "minecraft:crafting_shaped",
    "pattern": [
        "121",
        "434",
        "151"
    ],
    "key": {
        "1": {
            "item": "minecraft:honeycomb_block"
        }
"2": {
            "item": "minecraft:apple"
        }
"4": {
            "item": "minecraft:golden_apple"
        }
"3": {
            "item": "minecraft:enchanted_book"
        }
"5": {
            "item": "minecraft:gold_ingot"
        }
    },
    "result": {
        "item": "minecraft:golden_apple 1",
        "count": 1
        }
}