{
	"credit": "Made with Blockbench",
	"render_type": "minecraft:translucent",
	"textures": {
		"0": "aether:block/utility/ambrosium_torch_model",
		"particle": "aether:block/utility/ambrosium_torch_model"
	},
	"elements": [
		{
			"from": [7, 0, 7],
			"to": [9, 12, 9],
			"faces": {
				"north": {"uv": [11, 2, 13, 14], "texture": "#0"},
				"east": {"uv": [11, 2, 13, 14], "texture": "#0"},
				"south": {"uv": [11, 2, 13, 14], "texture": "#0"},
				"west": {"uv": [11, 2, 13, 14], "texture": "#0"},
				"up": {"uv": [8, 4, 10, 6], "texture": "#0"},
				"down": {"uv": [8, 7, 10, 9], "texture": "#0"}
			}
		},
		{
			"from": [10, 13, 10],
			"to": [6, 8, 6],
			"faces": {
				"north": {"uv": [3, 4, 7, 9], "texture": "#0"},
				"east": {"uv": [3, 4, 7, 9], "texture": "#0"},
				"south": {"uv": [3, 4, 7, 9], "texture": "#0"},
				"west": {"uv": [3, 4, 7, 9], "texture": "#0"},
				"up": {"uv": [5, 8, 6, 9], "rotation": 270, "texture": "#0"},
				"down": {"uv": [5, 6, 6, 7], "texture": "#0"}
			}
		}
	]
}