{
	"credit": "Yuushya",
	"ambientocclusion": false,
	"textures": {
		"0": "yuushya_cit:manual/page",
		"3": "item/iron_nugget",
		"4": "yuushya_cit:manual/cpr",
		"particle": "yuushya_cit:manual/page"
	},
	"elements": [
		{
			"from": [0, 0, 0],
			"to": [16, 16, 0],
			"shade": false,
			"faces": {
				"north": {"uv": [0, 0, 16, 16], "texture": "#0"},
				"east": {"uv": [0, 0, 16, 16], "texture": "#missing"},
				"south": {"uv": [0, 0, 16, 16], "texture": "#4"},
				"west": {"uv": [0, 0, 16, 16], "texture": "#missing"},
				"up": {"uv": [0, 0, 16, 16], "texture": "#missing"},
				"down": {"uv": [0, 0, 16, 16], "texture": "#missing"}
			}
		},
		{
			"from": [0, -4, 12],
			"to": [0, 0, 16],
			"faces": {
				"north": {"uv": [0, 0, 0, 1], "texture": "#3"},
				"east": {"uv": [15.0625, 15.0625, 16, 16], "texture": "#3"},
				"south": {"uv": [0, 0, 0, 1], "texture": "#3"},
				"west": {"uv": [0, 0, 16, 16], "texture": "#3"},
				"up": {"uv": [0, 0, 1, 0], "rotation": 270, "texture": "#missing"},
				"down": {"uv": [0, 0, 1, 0], "rotation": 90, "texture": "#missing"}
			}
		}
	],
	"gui_light": "front",
	"display": {
		"thirdperson_righthand": {
			"rotation": [60, 0, 0],
			"translation": [-6.25, 0, 9.5],
			"scale": [0, 0, 0]
		},
		"thirdperson_lefthand": {
			"rotation": [60, 0, 0],
			"translation": [-6.25, 0, 9.5],
			"scale": [0, 0, 0]
		},
		"firstperson_righthand": {
			"rotation": [0, -180, 0],
			"translation": [-9, 6.75, 3.5],
			"scale": [0.51, 0.51, 0.51]
		},
		"firstperson_lefthand": {
			"translation": [-9, 5, 5],
			"scale": [1.2, 1.2, 0.4]
		},
		"ground": {
			"rotation": [90, 0, 0],
			"translation": [0, -9.5, 0],
			"scale": [0.8, 0.8, 0.8]
		},
		"gui": {
			"rotation": [0, 90, 0],
			"translation": [-24, 40, 0],
			"scale": [1, 4, 4]
		},
		"fixed": {
			"scale": [0.5, 0.5, 0.5]
		}
	}
}