{
	"credit": "Made with Blockbench",
	"textures": {
		"0": "lost_aether_content:item/aether_shields"
	},
	"elements": [
		{
			"name": "shield",
			"from": [2, 2, 8],
			"to": [14, 24, 9],
			"faces": {
				"north": {"uv": [0, 4, 1.5, 6.75], "texture": "#0"},
				"east": {"uv": [3, 4, 2.875, 6.75], "texture": "#0"},
				"south": {"uv": [1.5, 4, 3, 6.75], "texture": "#0"},
				"west": {"uv": [0, 4, 0.125, 6.75], "texture": "#0"},
				"up": {"uv": [1.5, 4, 3, 4.125], "texture": "#0"},
				"down": {"uv": [0, 6.625, 1.5, 6.75], "texture": "#0"}
			}
		},
		{
			"name": "handle",
			"from": [7, 10, 9],
			"to": [9, 16, 15],
			"faces": {
				"north": {"uv": [3.75, 5, 4, 5.75], "texture": "#0"},
				"east": {"uv": [3, 5, 3.75, 5.75], "texture": "#0"},
				"south": {"uv": [3.75, 5, 4, 5.75], "texture": "#0"},
				"west": {"uv": [3, 5, 3.75, 5.75], "texture": "#0"},
				"up": {"uv": [3.75, 4.25, 4.25, 5], "texture": "#0"},
				"down": {"uv": [3.75, 4.25, 4.25, 5], "texture": "#0"}
			}
		}
	],
	"gui_light": "front",
	"overrides": [
		{"predicate": {"blocking": 1}, "model": "lost_aether_content:item/gravitite_shield_blocking"}
	],
	"display": {
		"thirdperson_righthand": {
			"rotation": [-142, -89.75, -145.5],
			"translation": [4, -7, 1.5]
		},
		"thirdperson_lefthand": {
			"rotation": [-142, -89.75, -145.5],
			"translation": [4, -7, 1.5]
		},
		"firstperson_righthand": {
			"rotation": [0, 0, 7],
			"translation": [3.75, -13.5, -3.5],
			"scale": [1.25, 1.25, 1.25]
		},
		"firstperson_lefthand": {
			"rotation": [0, 0, 7],
			"translation": [3.75, -13.5, -3.5],
			"scale": [1.25, 1.25, 1.25]
		},
		"ground": {
			"translation": [0, 4, 0],
			"scale": [0.25, 0.25, 0.25]
		},
		"gui": {
			"rotation": [8, 165, 7],
			"translation": [-1, -3.25, 0],
			"scale": [0.65, 0.65, 0.65]
		},
		"fixed": {
			"translation": [0, -2, -1.75],
			"scale": [0.55, 0.55, 0.55]
		}
	}
}