{
  "replace": false,
  "values": [
	{"id": "terralith:ashen_savanna", "required": false},
	{"id": "terralith:cloud_forest", "required": false},
	{"id": "terralith:forested_highlands", "required": false},
	{"id": "terralith:haze_mountain", "required": false},
	{"id": "terralith:ice_marsh", "required": false},
	{"id": "terralith:rocky_shrubland", "required": false},
	{"id": "terralith:snowy_shield", "required": false},
	{"id": "terralith:snowy_cherry_grove", "required": false},
	{"id": "terralith:wintry_lowlands", "required": false}
  ]
}