{
  "replace": false,
  "values": [
	{"id": "terralith:alpine_grove", "required": false},
	{"id": "terralith:alpine_highlands", "required": false},
	{"id": "terralith:cloud_forest", "required": false},
    {"id": "terralith:forested_highlands", "required": false},
    {"id": "terralith:lush_valley", "required": false},
    {"id": "terralith:shield", "required": false},
    {"id": "terralith:shield_clearing", "required": false},
	{"id": "terralith:siberian_grove", "required": false},
    {"id": "terralith:wintry_forest", "required": false}
  ]
}