{
  "replace": false,
  "values": [
	{"id": "terralith:blooming_valley", "required": false},
	{"id": "terralith:blooming_plateau", "required": false},
	{"id": "terralith:haze_mountain", "required": false},
	{"id": "terralith:cold_shrubland", "required": false},
	{"id": "terralith:ice_marsh", "required": false},
	{"id": "terralith:orchid_swamp", "required": false},
	{"id": "terralith:sakura_valley", "required": false},
	{"id": "terralith:temperate_highlands", "required": false},
	{"id": "terralith:skylands_winter", "required": false},
	{"id": "terralith:valley_clearing", "required": false}
  ]
}