{
  "replace": false,
  "values": [
	{"id": "terralith:caldera", "required": false},
	{"id": "terralith:emerald_peaks", "required": false},
    {"id": "terralith:rocky_mountains", "required": false},
    {"id": "terralith:haze_mountain", "required": false},
    {"id": "terralith:mountain_steppe", "required": false},
	{"id": "terralith:amethyst_canyon", "required": false},
	{"id": "terralith:amethyst_rainforest", "required": false},
	{"id": "terralith:scarlet_mountains", "required": false},
	{"id": "terralith:stony_spires", "required": false}
  ]
}