{
  "replace": false,
  "values": [
	{"id": "terralith:arid_highlands", "required": false},
	{"id": "terralith:bryce_canyon", "required": false},
	{"id": "terralith:red_oasis", "required": false},
	{"id": "terralith:hot_shrubland", "required": false},
	{"id": "terralith:painted_mountains", "required": false},
    {"id": "terralith:savanna_badlands", "required": false},
    {"id": "terralith:savanna_slopes", "required": false},
    {"id": "terralith:fractured_savanna", "required": false}
  ]
}